id,form_code,description,form_url
1,C10,Collection Report,https://www.wmda.info/images/Professionals/Tools/WMDA_Forms/20160701-WGRE-FORM-C10.pdf
2,C20,Abnormal Donor Finding Letter,https://www.wmda.info/images/Professionals/Tools/WMDA_Forms/20160701-WGRE-FORM-C20.pdf
3,C30,Notification Unable to Clear Donor,https://www.wmda.info/images/Professionals/Tools/WMDA_Forms/20160701-WGRE-FORM-C30.pdf
4,CB10,Cord Blood Unit - Information and Typing Request,https://www.wmda.info/images/Professionals/Tools/WMDA_Forms/20160701-WGCB-FORM-CB10.pdf
5,CB21,"HPC, Cord Blood Unit Report",https://www.wmda.info/images/Professionals/Tools/WMDA_Forms/20160701-WGCB-FORM-CB21.pdf
6,CB30,Cord Blood Unit Shipment Request,https://www.wmda.info/images/Professionals/Tools/WMDA_Forms/20160101-WGCB-FORM-CB30.pdf
7,DF1,Donor Assessment Post Stem Cell Donation (1 week following donation) ,https://www.wmda.info/images/Professionals/Tools/WMDA_Forms/20160701-WGRE-FORM-DF1.pdf
8,DF2,Donor Assessment Post Stem Cell Donation (1 month following donation),https://www.wmda.info/images/Professionals/Tools/WMDA_Forms/20160701-WGRE-FORM-DF2.pdf
9,DF3,Annual Donor Assessment Post Stem Cell Donation,https://www.wmda.info/images/Professionals/Tools/WMDA_Forms/20160701-WGRE-FORM-DF3.pdf
10,F10,Formal Request for Stem Cell or Lymphocyte Collection,https://www.wmda.info/images/Professionals/Tools/WMDA_Forms/20160701-WGRE-FORM-F10.pdf
11,F20,Previous Transplant History,https://www.wmda.info/images/Professionals/Tools/WMDA_Forms/20160701-WGRE-FORM-F20.pdf
12,F30,Final Compatibility Test Results,https://www.wmda.info/images/Professionals/Tools/WMDA_Forms/20160701-WGRE-FORM-F30.pdf
13,F40,Prescription for Stem Cell and Lymphocyte Collection (2x as one whole form),https://www.wmda.info/images/Professionals/Tools/WMDA_Forms/20160701-WGRE-FORM-F40.pdf
14,F50,IDM Testing to be Performed During Donor Workup,https://www.wmda.info/images/Professionals/Tools/WMDA_Forms/20160701-WGRE-FORM-F50.pdf
15,F60,Donor Final Clearance Pre-Stem Cell Collection,https://www.wmda.info/images/Professionals/Tools/WMDA_Forms/20160701-WGRE-FORM-F60.pdf
16,F70,Verification of Cell Product,https://www.wmda.info/images/Professionals/Tools/WMDA_Forms/20160701-WGRE-FORM-F70.pdf
17,F80,Notification of Donor Clearance,https://www.wmda.info/images/Professionals/Tools/WMDA_Forms/20160701-WGRE-FORM-F80.pdf
18,F90,Request for Patient's Siblings Service,https://www.wmda.info/images/Professionals/Tools/WMDA_Forms/20160701-WGRE-FORM-F90.pdf
19,S10,Preliminary Search Request,https://www.wmda.info/images/Professionals/Tools/WMDA_Forms/20160701-WGRE-FORM-S10.pdf
20,S20,Request for Extended Donor HLA Typing,https://www.wmda.info/images/Professionals/Tools/WMDA_Forms/20160701-WGRE-FORM-S20.pdf
21,S30,Donor Extended Typing Test Results,https://www.wmda.info/images/Professionals/Tools/WMDA_Forms/20160701-WGRE-FORM-S30.pdf
22,S40,Blood Sample Request for Verification Typing,https://www.wmda.info/images/Professionals/Tools/WMDA_Forms/20160701-WGRE-FORM-S40.pdf
23,S50,Notification of Verification Typing Sample Shipment,https://www.wmda.info/images/Professionals/Tools/WMDA_Forms/20160701-WGRE-FORM-S50.pdf
24,S60,Donor HLA Verification Typing Results,https://www.wmda.info/images/Professionals/Tools/WMDA_Forms/20160701-WGRE-FORM-S60.pdf
25,S70,Discrepant Typing Report,https://www.wmda.info/images/Professionals/Tools/WMDA_Forms/20160701-WGQR-FORM-S70.pdf
26,T10,Courier & Emergency Contact Information During Stem Cell Transportation,https://www.wmda.info/images/Professionals/Tools/WMDA_Forms/20160701-WGRE-FORM-T10.pdf
27,T20,Emergency Stem Cell Storage Directions,https://www.wmda.info/images/Professionals/Tools/WMDA_Forms/20160701-WGRE-FORM-T20.pdf
28,T30,Transport of Stem Cell Product Audit,https://www.wmda.info/images/Professionals/Tools/WMDA_Forms/20170501-WGRE-FORM-T30.pdf
29,T40,Courier Letter,https://www.wmda.info/images/Professionals/Tools/WMDA_Forms/20160701-WGRE-FORM-T40.pdf
30,T50,Proforma Invoice ,https://www.wmda.info/images/Professionals/Tools/WMDA_Forms/20160701-WGRE-FORM-T50.pdf
31,TF1,Stem Cell Transplantation Follow-Up,https://www.wmda.info/images/Professionals/Tools/WMDA_Forms/20160701-WGRE-FORM-TF1.pdf